0.0,0.0,0.0,0.0,0.0,0.0,0.0,0.0,0.0,0.0,0.0,1585.0,-0.0,0.0,-0.0
0.0,0.0,0.0,0.0,0.0,0.0,0.0,0.0,0.0,0.0,0.0,1640.0,-0.0,0.0,-0.0
0.0,0.0,0.0,0.0,0.0,0.0,0.0,0.0,0.0,0.0,0.0,1696.0,-0.0,0.0,-0.0
0.0,0.0,0.0,0.0,0.0,0.0,0.0,0.0,0.0,0.0,0.0,1752.0,-0.0,0.0,-0.0
0.0,0.0,0.0,0.0,0.0,0.0,0.0,0.0,0.0,0.0,0.0,1807.0,-0.0,0.0,-0.0
0.0,0.0,0.0,0.0,0.0,0.0,0.0,0.0,0.0,0.0,0.0,1863.0,-0.0,0.0,-0.0
0.0,0.0,0.0,0.0,0.0,0.0,0.0,0.0,0.0,0.0,0.0,1918.0,-0.0,0.0,-0.0
0.0,0.0,0.0,0.0,0.0,0.0,0.0,0.0,0.0,0.0,0.0,1974.0,-0.0,0.0,-0.0
0.0,0.0,0.0,0.0,0.0,0.0,0.0,0.0,0.0,0.0,0.0,2030.0,-0.0,0.0,-0.0
0.0,0.0,0.0,0.0,0.0,0.0,0.0,0.0,0.0,0.0,0.0,2086.0,-0.0,0.0,-0.0
0.0,0.0,0.0,0.0,0.99,0.08,-0.04,-0.06,1.62,1.66,-5.2,2144.0,4.024470332362959,9.495648097227143,7.270848864631556
0.0,0.0,0.0,0.0,0.99,0.1,-0.03,-0.13,5.98,6.3,-6.18,2203.0,1.8990271426866598,11.788473794834854,15.15784243062744
0.0,0.0,0.0,0.0,0.97,0.13,-0.0,-0.19,10.05,9.44,-1.48,2260.0,-2.848956820075055,14.718003906839787,21.797122243939697
0.0,0.0,0.0,0.0,0.97,0.16,0.02,-0.19,8.62,2.87,1.33,2316.0,-5.6989833584791265,17.661562686974893,21.27904133195902
0.0,0.0,0.0,0.0,0.97,0.19,0.02,-0.17,6.81,-0.83,2.74,2372.0,-5.897702965213957,21.189155301119936,18.77705774268002
0.0,0.0,0.0,0.0,0.95,0.24,-0.0,-0.18,4.89,-2.1,3.28,2428.0,-4.994084874750988,27.464354660080573,20.23659315607328
0.0,0.0,0.0,0.0,0.94,0.27,-0.04,-0.19,3.95,-2.92,6.28,2485.0,-1.579262886906378,31.73893860943176,22.405221866553774
0.0,0.0,1.0,0.0,0.93,0.27,-0.1,-0.22,-0.91,-6.63,3.74,2543.0,3.8679004223629416,33.33513113957985,27.77679741143569
0.0,0.0,1.0,0.0,0.89,0.27,-0.18,-0.32,-4.1,-5.7,-8.94,2600.0,8.489579010288885,37.05067738661909,42.401530698677384
0.0,0.0,1.0,0.0,0.82,0.28,-0.22,-0.44,-7.27,-5.14,-16.44,2657.0,6.61687128379691,41.4482666451796,58.94059117029002
0.0,0.0,1.0,0.0,0.75,0.34,-0.18,-0.54,-5.1,10.37,-23.15,2715.0,-5.566230554903663,44.93094450336106,69.2045934139456
0.0,0.0,1.0,0.0,0.67,0.47,-0.04,-0.57,-1.4,18.29,-8.94,2771.0,-28.946371273696325,50.776715538521216,66.81090168583188
0.0,0.0,1.0,0.0,0.64,0.59,0.08,-0.49,2.91,13.91,3.57,2828.0,-42.66833702995791,66.43460412941802,46.18526081862239
0.0,0.0,1.0,0.0,0.63,0.66,0.12,-0.39,3.56,8.52,6.81,2883.0,-41.81031489577858,82.35959323897326,26.565051177077983
0.0,0.0,2.0,0.0,0.63,0.71,0.11,-0.29,3.14,2.44,6.7,2939.0,-33.50058141663776,92.42610247228599,14.571015286701382
0.0,0.0,2.0,0.0,0.63,0.74,0.08,-0.24,3.88,1.3,2.38,2997.0,-26.882137968050984,96.3507428070232,11.803364794835712
0.0,0.0,2.0,0.0,0.62,0.76,0.04,-0.2,3.33,0.13,-2.13,3055.0,-20.629993047564735,99.48639100707743,11.496563017585784
0.0,0.0,2.0,0.0,0.63,0.76,0.03,-0.16,3.68,-1.43,1.43,3113.0,-16.303138309743307,99.34467190209969,9.344671902099687
0.0,0.0,2.0,0.0,0.65,0.74,0.02,-0.16,5.91,-0.47,-1.02,3169.0,-15.297379410144655,95.96811652590206,10.700612508813624
0.0,0.0,2.0,0.0,0.7,0.68,-0.01,-0.22,3.46,0.3,-1.25,3225.0,-16.55547437730006,85.46251098159412,19.585129895683124
0.0,0.0,2.0,0.0,0.76,0.59,-0.03,-0.27,2.16,1.21,2.86,3281.0,-15.850996530256442,71.7252264302075,27.623100992054045
0.0,0.0,2.0,0.0,0.81,0.45,-0.1,-0.37,4.16,1.12,-7.07,3338.0,-9.791577641874463,54.13630410325801,44.08815358617891
0.0,0.0,3.0,0.0,0.84,0.39,-0.11,-0.36,2.87,2.15,-7.66,3396.0,-5.512196221312312,47.582959487420126,43.965480842436
0.0,0.0,3.0,0.0,0.88,0.38,-0.07,-0.28,3.88,-0.31,-1.93,3453.0,-5.129794272997253,45.18266392793875,33.1646520129497
0.0,0.0,3.0,0.0,0.9,0.36,-0.03,-0.22,4.4,-6.0,-1.38,3510.0,-6.060114132181689,42.2509570971444,25.129177954815184
0.0,0.0,3.0,0.0,0.91,0.36,-0.01,-0.2,7.13,-5.79,0.87,3568.0,-7.24297679846745,41.75659874493008,22.024984858761343
0.0,0.0,3.0,0.0,0.93,0.23,0.04,-0.28,4.64,15.11,-1.9,3623.0,-11.750367198000795,24.518706513237195,30.949674496733614
0.0,0.0,3.0,0.0,0.95,0.17,0.1,-0.25,5.1,-1.36,-2.13,3680.0,-15.898358583697204,16.424704058301078,27.178114914402563
0.0,0.0,3.0,0.0,0.95,0.16,0.14,-0.22,2.86,1.2,-0.82,3736.0,-19.737848155983333,14.983378626855059,23.456168224972746
0.0,0.0,3.0,0.0,0.96,0.16,0.14,-0.2,5.13,-0.37,-0.18,3791.0,-19.302297917126147,15.329157882188076,20.914562613614645
0.0,0.0,3.0,0.0,0.96,0.17,0.14,-0.19,4.05,-0.67,-0.58,3849.0,-19.35047174894881,16.724679220604983,19.519041275197733
0.0,0.0,3.0,0.0,0.96,0.18,0.12,-0.17,3.3,-0.02,0.46,3908.0,-17.001063279681343,18.638225545799386,17.27410475945409
0.0,0.0,3.0,0.0,0.96,0.19,0.11,-0.17,3.79,-0.2,0.66,3965.0,-16.03109530098044,19.943328062955228,17.247553502558034
0.0,0.0,3.0,0.0,0.96,0.21,0.11,-0.17,4.27,0.07,0.44,4022.0,-16.303132385780867,22.24627946309668,16.857710883384478
0.0,0.0,3.0,0.0,0.96,0.22,0.1,-0.17,4.85,0.34,-0.52,4078.0,-15.33406199128549,23.52721086316067,16.87240237970753
0.0,0.0,3.0,0.0,0.96,0.22,0.1,-0.17,4.23,-0.43,-1.39,4133.0,-15.33406199128549,23.52721086316067,16.87240237970753
0.0,0.0,3.0,0.0,0.97,0.2,0.14,0.01,4.92,0.39,0.23,4190.0,-15.511960979596687,23.91180504880345,-4.485302998922887
0.0,0.0,3.0,0.0,0.97,0.2,0.14,0.01,4.36,0.35,-0.12,4248.0,-15.511960979596687,23.91180504880345,-4.485302998922887
0.0,0.0,3.0,0.0,0.97,0.2,0.13,0.01,4.56,-0.05,-0.19,4304.0,-14.401918361824476,23.836092136794118,-4.23639479905884
0.0,0.0,3.0,0.0,0.97,0.2,-0.12,0.06,0.05,-0.23,-0.67,4361.0,14.897035430872702,22.769162731934152,-4.063204231747653
0.0,0.0,3.0,0.0,0.97,0.2,-0.13,0.06,0.31,-0.01,-1.09,4420.0,16.010520803230328,22.7608925385199,-3.8362481224686613
0.0,0.0,3.0,0.0,0.97,0.19,-0.13,0.09,-0.23,0.15,-0.11,4475.0,16.608369001883425,21.070070310409616,-7.492121161532029
0.0,0.0,3.0,0.0,0.96,0.2,-0.13,0.15,-0.87,-0.16,0.21,4532.0,18.016490547871246,21.249258903356083,-14.354485199625683
0.0,0.0,3.0,0.0,0.96,0.2,-0.13,0.17,-0.53,-0.34,0.08,4588.0,18.3769345381593,20.819788283352203,-16.67972697727001
0.0,0.0,3.0,0.0,0.95,0.2,-0.13,0.19,0.15,-1.05,-0.53,4643.0,18.932866729215302,20.553908752304523,-19.156519986337585
0.0,0.0,3.0,0.0,0.95,0.2,-0.14,0.19,-0.05,-2.29,-1.09,4701.0,20.03637860785691,20.394435566670122,-18.979796829581602
0.0,0.0,3.0,0.0,0.95,0.21,-0.16,0.18,1.72,-0.74,-2.27,4760.0,22.201302568052476,21.533738290304775,-17.184250061084672
0.0,0.0,3.0,0.0,0.95,0.21,-0.17,0.18,0.79,-0.19,-2.08,4817.0,23.295648149838108,21.401445445617814,-16.9962491220862
0.0,0.0,3.0,0.0,0.94,0.23,-0.18,0.18,-0.49,0.74,-1.85,4874.0,24.875830502053518,23.870269663265056,-16.34219993345361
0.0,0.0,3.0,0.0,0.94,0.24,-0.19,0.18,5.61,1.64,2.08,4929.0,26.061677182157442,24.96308604018256,-15.81524352038084
0.0,0.0,3.0,0.0,0.92,0.25,-0.19,0.22,4.25,1.92,2.09,4985.0,27.55846685246831,25.302234147031577,-20.59564041481497
0.0,0.0,3.0,0.0,0.91,0.24,-0.2,0.26,-3.07,-0.23,-4.02,5042.0,29.478508036462816,22.63566547752019,-25.862743343282567
0.0,0.0,3.0,0.0,0.9,0.26,-0.2,0.29,-6.37,-0.95,-3.43,5100.0,30.659374583088127,24.11101950255091,-29.019082851605045
0.0,0.0,3.0,0.0,0.88,0.29,-0.22,0.29,2.74,1.75,-1.18,5156.0,34.08650858412345,27.801458779934137,-27.801458779934137
0.0,0.0,3.0,0.0,0.87,0.32,-0.25,0.29,4.1,1.41,-0.51,5213.0,38.094471200231276,31.344820787299327,-25.804389192898935
0.0,0.0,3.0,0.0,0.86,0.33,-0.22,0.33,-1.64,0.15,-0.81,5272.0,36.35325267250702,31.429565614838516,-31.429565614838516
0.0,0.0,3.0,0.0,0.85,0.33,-0.19,0.36,-2.39,-0.14,-0.23,5327.0,34.210190270291434,30.960181578592607,-36.16530598359221
0.0,0.0,3.0,0.0,0.84,0.34,-0.14,0.4,-2.08,0.88,2.39,5384.0,30.450552164467897,32.157435735621824,-41.95562064319736
0.0,0.0,3.0,0.0,0.84,0.34,-0.12,0.42,-2.21,-0.42,1.35,5440.0,28.77837678467095,32.02729363895164,-44.707677130771465
0.0,0.0,3.0,0.0,0.83,0.33,-0.13,0.42,-0.92,-0.54,-0.06,5495.0,29.829923873977894,30.672325782335115,-45.3251391026742
0.0,0.0,3.0,0.0,0.83,0.33,-0.13,0.43,-0.22,-0.29,0.52,5553.0,29.986763694231424,30.237383030705562,-46.49758773901752
0.0,0.0,3.0,0.0,0.83,0.33,-0.14,0.43,-0.2,-0.37,-0.27,5612.0,30.998488655937827,29.832561547096475,-46.32520317603354
0.0,0.0,3.0,1.0,0.83,0.33,-0.16,0.42,1.21,-0.52,-1.54,5669.0,32.881858971325016,29.496035742662375,-44.797337653381206
0.0,0.0,3.0,1.0,0.82,0.34,-0.17,0.43,2.05,0.61,-1.32,5726.0,34.76233838923298,29.991844334368476,-45.75812296782793
0.0,0.0,3.0,1.0,0.8,0.35,-0.18,0.45,-0.34,0.2,0.1,5781.0,37.198041471243876,30.063327051615016,-48.38802114305843
0.0,0.0,3.0,1.0,0.77,0.36,-0.21,0.47,1.3,0.89,1.35,5837.0,42.080743828249375,29.14951611604159,-51.3755971879382
0.0,0.0,3.0,1.0,0.75,0.36,-0.27,0.48,1.48,0.1,1.24,5894.0,48.94406264337143,25.436216380417356,-53.508703316270314
0.0,0.0,3.0,2.0,0.73,0.34,-0.34,0.49,-1.1,-0.38,-0.18,5950.0,55.70324946817606,16.763255336210534,-58.83827738705416
0.0,0.0,3.0,2.0,0.71,0.32,-0.39,0.49,0.47,-0.27,-0.68,6006.0,60.28815733669854,8.38710578415611,-64.34605456111639
0.0,0.0,3.0,2.0,0.69,0.31,-0.44,0.49,1.17,-0.44,-1.12,6065.0,64.911865228449,-0.456744487289126,-71.0510300215844
0.0,0.0,3.0,2.0,0.68,0.29,-0.46,0.49,-0.32,0.35,-0.44,6123.0,65.70519614629842,-7.893344282248877,-76.65403372993859
0.0,0.0,3.0,2.0,0.68,0.27,-0.47,0.5,-0.71,-1.72,-2.3,6179.0,64.63507335180718,-13.79767362879977,-81.40745077619977
0.0,0.0,3.0,2.0,0.68,0.26,-0.46,0.51,0.08,-0.88,-1.94,6235.0,62.78393952180229,-14.615612426635966,-82.68883313397669
0.0,0.0,3.0,2.0,0.69,0.25,-0.43,0.53,0.52,-0.35,-1.1,6291.0,58.71994056239726,-12.266640830557803,-81.97555196276515
0.0,0.0,3.0,2.0,0.71,0.21,-0.38,0.55,-0.23,0.24,-1.02,6347.0,50.75017107395931,-10.96904954205845,-80.74114525047501
0.0,0.0,3.0,2.0,0.74,0.18,-0.33,0.56,0.21,1.17,0.02,6405.0,43.494054563578665,-8.15795640131174,-77.49255536946818
0.0,0.0,3.0,2.0,0.75,0.15,-0.3,0.58,-0.83,0.45,-2.23,6464.0,38.09495495056543,-8.889549177448819,-78.50654547739344
0.0,0.0,3.0,2.0,0.75,0.13,-0.28,0.58,-0.5,0.47,-0.82,6520.0,35.03872506780857,-9.17534813002616,-78.33392333643714
0.0,0.0,3.0,2.0,0.76,0.11,-0.26,0.59,-1.15,0.47,-1.13,6578.0,31.47861074859853,-9.370044400720813,-78.29167694346437
0.0,0.0,3.0,2.0,0.76,0.11,-0.25,0.59,-0.41,0.72,-1.69,6633.0,30.64032650118972,-8.53965357594975,-77.98893724619349
0.0,0.0,3.0,2.0,0.76,0.09,-0.26,0.59,-0.25,0.81,-0.36,6689.0,30.04625766748568,-11.309932474020219,-78.69006752597981
0.0,0.0,3.0,2.0,0.75,0.09,-0.27,0.59,0.0,1.16,-1.07,6746.0,31.032917985050354,-12.479071801927631,-79.8592068538872
0.0,0.0,3.0,2.0,0.75,0.09,-0.28,0.59,-0.57,1.18,0.18,6803.0,31.852236201797037,-13.33890960163318,-80.20402987843498
0.0,0.0,3.0,2.0,0.74,0.1,-0.29,0.6,-0.56,0.92,-1.27,6858.0,33.24826768519295,-13.812303373914792,-82.21327163445186
0.0,0.0,3.0,2.0,0.72,0.11,-0.3,0.61,-1.43,1.35,-0.32,6917.0,34.7795966930737,-14.75214775991759,-85.18733369630303
0.0,0.0,3.0,2.0,0.71,0.12,-0.31,0.62,-0.83,0.75,-0.23,6975.0,36.12788964098427,-15.379674549265031,-87.3007089425548
0.0,0.0,3.0,2.0,0.7,0.13,-0.33,0.62,-0.31,-0.11,0.51,7031.0,38.54106483362012,-16.883036813741942,-89.00390680743891
0.0,0.0,3.0,2.0,0.69,0.14,-0.35,0.62,-1.41,-0.42,-2.05,7087.0,40.91186066220318,-18.53060112055847,-90.84697200017511
0.0,0.0,3.0,2.0,0.7,0.14,-0.35,0.61,-5.27,0.73,-0.08,7143.0,41.15027729495652,-17.787972538452447,-88.86332812240119
0.0,0.0,3.0,2.0,0.7,0.15,-0.35,0.61,-1.85,0.49,-0.36,7199.0,41.932557101658055,-16.83622058731478,-88.63097561073099
0.0,0.0,3.0,2.0,0.7,0.17,-0.36,0.6,-2.49,-0.58,0.33,7258.0,44.59031792218847,-15.671439016178665,-87.66188076562408
0.0,0.0,3.0,2.0,0.7,0.19,-0.38,0.57,-0.92,-0.01,-1.48,7316.0,48.769092154548126,-14.764899396872131,-85.03328551070338
0.0,0.0,3.0,2.0,0.71,0.21,-0.4,0.54,0.64,0.37,-1.56,7372.0,52.651382490224215,-12.74397325164441,-80.83584796484774
0.0,0.0,3.0,2.0,0.73,0.21,-0.4,0.52,2.83,0.92,-1.08,7430.0,52.79771984707813,-10.346913847046205,-76.07326493646164
0.0,0.0,3.0,2.0,0.73,0.21,-0.4,0.51,3.11,0.61,-1.13,7485.0,53.17993201585819,-9.769700050531243,-74.77767796165622
0.0,0.0,3.0,2.0,0.73,0.2,-0.39,0.52,1.0,0.08,-2.95,7541.0,51.351543837363,-10.529069138964019,-75.99952168317922
0.0,0.0,3.0,2.0,0.73,0.2,-0.37,0.53,-2.33,-1.26,-1.28,7598.0,49.399103837815694,-8.940748659628387,-76.0801454963733
0.0,0.0,3.0,2.0,0.74,0.21,-0.36,0.54,-1.49,-2.06,1.23,7654.0,48.58396430748226,-6.684859356305886,-75.25861331072379
0.0,0.0,3.0,2.0,0.75,0.22,-0.36,0.51,-1.67,-3.46,1.23,7710.0,49.81292686621152,-3.3028878763363636,-69.96533987559845
0.0,0.0,3.0,2.0,0.76,0.23,-0.37,0.48,-0.43,-2.58,1.58,7769.0,51.713912275031234,-0.519002894671984,-64.8028225486756
0.0,0.0,3.0,2.0,0.78,0.26,-0.39,0.42,1.47,-1.34,0.78,7827.0,55.39593382995558,7.85880275083364,-52.471212860648926
0.0,0.0,3.0,2.0,0.79,0.27,-0.42,0.36,0.88,-1.08,-1.12,7883.0,58.807681042160816,13.83293499061774,-41.17554925500937
0.0,0.0,3.0,2.0,0.79,0.28,-0.44,0.33,2.88,1.03,0.3,7940.0,61.11866181815355,18.248318279356454,-34.5085229876684
0.0,0.0,3.0,3.0,0.79,0.28,-0.45,0.3,3.65,1.6,1.96,7995.0,62.057352337921586,21.701002774630673,-28.43392410149027
0.0,0.0,3.0,3.0,0.8,0.26,-0.47,0.29,1.68,1.32,0.57,8051.0,63.070727678084,18.221601850495592,-28.61045966596519
0.0,0.0,3.0,3.0,0.8,0.24,-0.48,0.27,0.19,2.9,-0.48,8110.0,63.73965715195331,16.36836645855864,-27.080016544269032
0.0,0.0,3.0,3.0,0.8,0.21,-0.5,0.26,-0.55,3.2,-2.24,8168.0,65.18354583577478,10.414549986577683,-29.339194402628916
0.0,0.0,3.0,3.0,0.8,0.18,-0.51,0.26,-0.05,4.07,-2.18,8224.0,65.43759368207763,3.143898898930542,-33.98822153640787
0.0,0.0,3.0,3.0,0.79,0.14,-0.52,0.27,-0.15,5.04,-3.37,8282.0,65.36989051147557,-8.331028763886792,-43.088878797735724
0.0,0.0,3.0,3.0,0.8,0.11,-0.52,0.28,-2.03,2.61,-0.53,8338.0,63.22678285280328,-14.803716882337389,-47.72374650641745
0.0,0.0,3.0,3.0,0.8,0.08,-0.52,0.3,-2.54,0.67,-1.04,8393.0,60.93349876810071,-22.097239280208406,-54.21721389452968
0.0,0.0,3.0,3.0,0.79,0.07,-0.52,0.3,-2.08,-0.54,-2.67,8450.0,60.79179839812324,-24.65413068324425,-56.198026796953975
0.0,0.0,3.0,3.0,0.8,0.06,-0.52,0.3,-1.56,-2.9,-2.39,8507.0,59.83042964328899,-25.34617594194668,-55.85641334806221
0.0,0.0,3.0,3.0,0.81,0.07,-0.5,0.3,-2.2,-0.96,-1.65,8563.0,58.33684548238494,-20.80108292166446,-52.34497903537421
0.0,0.0,3.0,3.0,0.81,0.08,-0.49,0.3,-1.32,-2.35,-0.18,8621.0,58.002991255133615,-18.21447553106949,-50.80257044426731
0.0,0.0,3.0,3.0,0.81,0.11,-0.49,0.28,0.72,1.17,-1.6,8680.0,60.103841761117984,-11.280230154486526,-44.67871862247376
0.0,0.0,3.0,3.0,0.82,0.14,-0.48,0.26,-0.74,0.7,2.58,8735.0,60.30640189728585,-2.3373058591238163,-36.542763797228574
0.0,0.0,3.0,3.0,0.83,0.16,-0.46,0.27,-0.11,0.57,1.18,8792.0,58.30433354579364,1.8778774472853481,-34.99202019855868
0.0,0.0,3.0,3.0,0.83,0.18,-0.45,0.26,0.67,-1.05,-0.37,8848.0,57.983112551560254,7.081749768858566,-30.859065848114525
0.0,0.0,3.0,3.0,0.82,0.22,-0.45,0.28,-1.17,0.6,1.71,8903.0,59.28722814513718,12.278572257782335,-30.700625339415687
0.0,0.0,3.0,3.0,0.81,0.23,-0.46,0.29,-0.85,-0.45,-0.82,8962.0,60.984662535880574,12.539009721910768,-31.994166824713947
0.0,0.0,3.0,3.0,0.81,0.24,-0.45,0.28,1.45,2.79,-1.51,9020.0,60.237169580183625,16.085670175441876,-28.766053667261698
0.0,0.0,3.0,3.0,0.81,0.23,-0.45,0.3,-2.23,5.03,-0.34,9077.0,59.962898185796355,11.809781254802518,-33.81686295830152
0.0,0.0,3.0,3.0,0.81,0.2,-0.43,0.35,0.27,-0.53,0.89,9134.0,56.478859107870484,2.3786270015390194,-45.460578838615895
0.0,0.0,3.0,3.0,0.81,0.17,-0.42,0.37,1.39,-1.26,0.72,9190.0,53.85946795725817,-3.4470357468169257,-50.85232764874941
0.0,0.0,3.0,3.0,0.81,0.13,-0.41,0.4,3.2,-2.18,0.01,9246.0,50.117041864145946,-10.537959307218772,-57.50074067243414
0.0,0.0,3.0,3.0,0.82,0.1,-0.39,0.42,3.46,-2.05,3.2,9302.0,45.70862029394076,-13.400393514952237,-59.91182331698157
0.0,0.0,3.0,3.0,0.83,0.09,-0.36,0.43,1.53,0.73,2.12,9359.0,41.860999217643254,-12.27802220328997,-59.486252289118426
0.0,0.0,3.0,3.0,0.81,0.09,-0.37,0.44,0.51,0.0,1.8,9415.0,43.01703262982856,-14.313300203604802,-62.68800723708604
0.0,0.0,3.0,3.0,0.8,0.07,-0.38,0.46,1.85,5.09,-1.2,9474.0,42.20578509416782,-18.691550086597914,-67.06625712007916
0.0,0.0,3.0,3.0,0.78,0.01,-0.38,0.5,1.22,-2.19,1.06,9531.0,36.94563259393766,-27.04138609859128,-74.50726570673528
0.0,0.0,3.0,3.0,0.78,-0.03,-0.38,0.5,1.99,1.37,-3.06,9587.0,34.10597305201669,-30.90109169987779,-75.01395875395649
0.0,0.0,3.0,3.0,0.78,-0.05,-0.35,0.53,-1.24,0.09,-1.07,9644.0,29.081255190116746,-30.43277282911849,-76.46228166669843
0.0,0.0,3.0,3.0,0.76,-0.03,-0.32,0.56,0.61,0.89,-1.45,9700.0,27.084506958080084,-27.146728923518904,-79.42486512438857
0.0,0.0,3.0,3.0,0.77,-0.05,-0.3,0.56,0.18,1.67,-2.49,9755.0,23.97928986974977,-26.90191616084998,-77.8701701416846
0.0,0.0,3.0,3.0,0.79,-0.07,-0.25,0.56,-0.51,0.81,-0.18,9814.0,18.360423386506177,-24.171055887566947,-74.62635482242412
0.0,0.0,3.0,3.0,0.81,-0.07,-0.21,0.54,-0.37,-1.42,-2.6,9872.0,15.39524292779543,-20.733999188986804,-70.21301692848306
0.0,0.0,3.0,3.0,0.83,-0.1,-0.17,0.52,-0.03,1.77,1.23,9928.0,10.283643787583953,-20.427683661272244,-65.99249512223562
0.0,0.0,3.0,3.0,0.84,-0.1,-0.15,0.5,-0.42,0.11,-0.97,9986.0,8.84898026168902,-19.008388551029626,-63.00978525211082
0.0,0.0,3.0,3.0,0.85,-0.11,-0.14,0.49,-0.16,1.16,1.39,10042.0,7.5242842417281315,-19.20144485170829,-61.198882920482326
0.0,0.0,3.0,3.0,0.86,-0.11,-0.14,0.48,-0.4,-0.59,-1.29,10098.0,7.756916945590339,-19.028240611800435,-59.637188031721315
0.0,0.0,3.0,3.0,0.86,-0.1,-0.14,0.48,-0.11,-0.16,0.53,10153.0,8.329053081772164,-18.046583327642104,-59.66016535306456
0.0,0.0,3.0,3.0,0.87,-0.09,-0.15,0.46,-0.23,0.15,-1.11,10211.0,10.274279537332804,-17.43781575134263,-57.31379923975372
0.0,0.0,3.0,3.0,0.88,-0.08,-0.16,0.43,-0.58,1.55,-0.85,10267.0,12.396027345076492,-16.711147553600124,-53.91127932566629
0.0,0.0,3.0,3.0,0.88,-0.08,-0.19,0.42,-0.56,0.48,-3.3,10326.0,15.604907443677252,-18.3004830550032,-53.55652179064247
0.0,0.0,3.0,3.0,0.89,-0.07,-0.18,0.41,-1.08,-2.01,-1.43,10384.0,15.28729436377562,-16.432889448988213,-51.68892818462748
0.0,0.0,3.0,3.0,0.9,-0.07,-0.17,0.4,-0.62,0.26,-0.84,10440.0,14.42151596926669,-15.634528019506519,-49.91522662902198
0.0,0.0,3.0,3.0,0.9,-0.08,-0.17,0.38,-0.36,0.54,0.79,10497.0,14.344517678287474,-16.55443971324959,-47.87865240390169
0.0,0.0,3.0,3.0,0.91,-0.08,-0.16,0.38,-0.31,0.35,0.05,10552.0,13.25985698940332,-15.860070901432639,-47.184283592084746
0.0,0.0,3.0,3.0,0.91,-0.09,-0.15,0.37,-0.55,-0.34,-0.06,10608.0,11.96488508145009,-16.388212413681043,-45.98173690379573
0.0,0.0,3.0,3.0,0.91,-0.1,-0.16,0.37,-0.35,0.25,-1.04,10667.0,12.536983854579226,-17.911832819981292,-46.2361689306068
0.0,0.0,3.0,3.0,0.91,-0.1,-0.16,0.36,-0.31,0.55,-1.01,10724.0,12.748890395788608,-17.864534740946528,-45.17981975257084
0.0,0.0,3.0,3.0,0.92,-0.1,-0.16,0.35,-0.1,-0.09,-0.38,10780.0,12.90850008554107,-17.596642158906857,-43.66335481073455
0.0,0.0,3.0,3.0,0.92,-0.11,-0.16,0.34,-0.08,0.46,-0.21,10838.0,12.689410445165633,-18.607721798637183,-42.65227517100421
0.0,0.0,3.0,3.0,0.92,-0.11,-0.16,0.33,-0.01,0.22,0.0,10894.0,12.906667354354596,-18.55475163737544,-41.58241400634947
0.0,0.0,3.0,3.0,0.93,-0.11,-0.16,0.33,0.06,0.5,-0.12,10949.0,12.852499188503884,-18.33389817017683,-41.15586442370761
0.0,0.0,3.0,3.0,0.93,-0.11,-0.16,0.33,-0.06,0.36,-0.21,11005.0,12.852499188503884,-18.33389817017683,-41.15586442370761
0.0,0.0,3.0,3.0,0.93,-0.11,-0.15,0.32,0.19,1.21,-0.14,11062.0,12.017146901058428,-17.86361861776512,-39.87070032126413
0.0,0.0,3.0,3.0,0.93,-0.11,-0.15,0.33,-0.15,0.24,0.4,11119.0,11.810807135732972,-17.91362521870272,-40.94128758767674
0.0,0.0,3.0,3.0,0.93,-0.11,-0.15,0.33,-0.18,0.2,0.72,11177.0,11.810807135732972,-17.91362521870272,-40.94128758767674
0.0,0.0,3.0,3.0,0.93,-0.11,-0.15,0.33,0.02,0.8,0.13,11236.0,11.810807135732972,-17.91362521870272,-40.94128758767674
0.0,0.0,3.0,3.0,0.93,-0.1,-0.15,0.33,-0.19,0.02,-0.17,11291.0,12.220031361497245,-16.844882783331098,-40.889436155698135
0.0,0.0,3.0,3.0,0.92,-0.09,-0.15,0.34,-0.06,0.2,-0.91,11347.0,12.497755599992624,-16.029857371555153,-42.331754733444576
0.0,0.0,3.0,3.0,0.92,-0.09,-0.15,0.34,-0.15,0.01,-0.65,11404.0,12.497755599992624,-16.029857371555153,-42.331754733444576
0.0,0.0,3.0,3.0,0.92,-0.09,-0.15,0.34,-0.17,0.0,-0.63,11459.0,12.497755599992624,-16.029857371555153,-42.331754733444576
0.0,0.0,3.0,3.0,0.92,-0.09,-0.15,0.34,-0.19,-0.02,-0.03,11518.0,12.497755599992624,-16.029857371555153,-42.331754733444576
0.0,0.0,3.0,3.0,0.92,-0.09,-0.15,0.34,-0.05,0.5,0.22,11577.0,12.497755599992624,-16.029857371555153,-42.331754733444576
0.0,0.0,3.0,3.0,0.92,-0.09,-0.15,0.34,-0.03,0.16,-0.93,11632.0,12.497755599992624,-16.029857371555153,-42.331754733444576
0.0,0.0,3.0,3.0,0.92,-0.09,-0.15,0.34,-0.02,0.37,0.05,11689.0,12.497755599992624,-16.029857371555153,-42.331754733444576
0.0,0.0,3.0,3.0,0.92,-0.09,-0.15,0.35,-0.24,-0.03,0.25,11746.0,12.304466613371002,-16.087238791130073,-43.40252380275437
0.0,0.0,3.0,3.0,0.92,-0.08,-0.14,0.35,-0.15,0.33,0.63,11802.0,11.69099728513053,-14.576834387696902,-43.15748455133234
0.0,0.0,3.0,3.0,0.92,-0.08,-0.14,0.35,-0.2,0.35,0.6,11857.0,11.69099728513053,-14.576834387696902,-43.15748455133234
0.0,0.0,3.0,3.0,0.92,-0.08,-0.15,0.36,-0.37,0.24,-0.03,11915.0,12.552556193813215,-15.08041980853112,-44.40934278535333
0.0,0.0,3.0,3.0,0.92,-0.07,-0.15,0.36,-0.2,0.66,0.19,11971.0,12.993208638284543,-14.016345152761414,-44.3452669522383
0.0,0.0,3.0,3.0,0.91,-0.06,-0.15,0.37,-0.26,0.0,0.34,12029.0,13.335508437136482,-13.199016279191783,-45.80243296780655
0.0,0.0,3.0,3.0,0.91,-0.05,-0.14,0.39,-0.21,0.68,0.36,12088.0,12.433409798448048,-11.802434207783552,-47.687328386100916
0.0,0.0,3.0,3.0,0.9,-0.03,-0.15,0.41,-0.25,0.47,0.17,12144.0,14.18375150829777,-10.50329637940041,-50.294159048931725
0.0,0.0,3.0,3.0,0.89,-0.02,-0.15,0.43,-0.22,0.0,-0.45,12200.0,14.467155797217867,-9.788238786095842,-52.82000820508612
0.0,0.0,3.0,3.0,0.88,-0.0,-0.15,0.45,-0.09,0.26,0.01,12256.0,15.316956443790861,-8.051083018794852,-55.2514627546304
0.0,0.0,3.0,3.0,0.87,0.03,-0.15,0.47,-0.39,-1.15,-0.89,12312.0,16.78932176508627,-5.315652984547809,-57.543478245129236
0.0,0.0,3.0,3.0,0.87,0.06,-0.14,0.47,-0.02,-0.03,-0.36,12370.0,17.439603324219718,-1.6321219864273298,-57.00882976873416
0.0,0.0,3.0,3.0,0.87,0.08,-0.14,0.47,0.26,0.24,-0.73,12429.0,18.517430842608036,0.4574896724106421,-56.68390742452254
0.0,0.0,3.0,3.0,0.87,0.09,-0.15,0.46,-0.01,-0.03,0.43,12486.0,20.127457947017078,1.1361145346154764,-55.53237043163372
0.0,0.0,3.0,3.0,0.87,0.1,-0.17,0.44,-0.08,-0.34,-1.64,12544.0,22.82463183963507,1.5332199486849214,-53.346235947713694
0.0,0.0,3.0,3.0,0.88,0.09,-0.18,0.44,0.24,-0.47,-0.12,12599.0,23.120261588435532,0.0,-53.13010235415599
0.0,0.0,3.0,3.0,0.88,0.08,-0.19,0.42,-0.07,0.4,-2.02,12655.0,23.84782459337255,-1.1857391535138366,-51.278140712799406
0.0,0.0,3.0,3.0,0.89,0.07,-0.19,0.41,-0.37,0.38,0.11,12711.0,23.27382317012572,-1.9440190249362,-49.86899697409255
0.0,0.0,3.0,3.0,0.89,0.07,-0.19,0.42,-0.09,0.15,0.18,12768.0,23.157747594945402,-2.1610794882263678,-50.96902286592959
0.0,0.0,3.0,3.0,0.88,0.08,-0.19,0.42,0.0,0.63,-0.39,12824.0,23.84782459337255,-1.1857391535138366,-51.278140712799406
0.0,0.0,3.0,3.0,0.88,0.09,-0.19,0.42,-0.21,0.42,0.16,12882.0,24.334325592287446,-0.07583818140650567,-51.04409216224111
0.0,0.0,3.0,3.0,0.88,0.11,-0.19,0.43,-0.25,-0.02,-0.47,12941.0,25.20171985032769,1.8984735477734087,-51.65920726613679
0.0,0.0,3.0,3.0,0.88,0.12,-0.18,0.43,0.09,0.35,-1.67,12997.0,24.673922482370905,3.536850785474759,-51.30985062874424
0.0,0.0,3.0,3.0,0.88,0.13,-0.15,0.44,0.0,1.0,-0.3,13052.0,22.062663085046676,5.951186611127463,-51.968926776773195
0.0,0.0,3.0,3.0,0.88,0.13,-0.12,0.44,-0.28,1.1,-1.08,13109.0,19.01575148532113,7.492851283000753,-51.87342907524584
0.0,0.0,3.0,3.0,0.88,0.13,-0.09,0.46,-0.02,-0.77,0.75,13165.0,15.96054054187924,8.638606760553634,-53.98129400451532
0.0,0.0,3.0,3.0,0.88,0.12,-0.08,0.46,-0.38,0.43,0.45,13223.0,14.448126552537573,8.113480428450815,-54.16446444550691
0.0,0.0,3.0,3.0,0.87,0.12,-0.07,0.47,-0.16,-0.15,-0.65,13282.0,13.608265075024987,8.485452869639913,-55.74420833095354
0.0,0.0,3.0,3.0,0.87,0.12,-0.08,0.47,-0.11,-0.81,-0.67,13339.0,14.616811846025884,7.947295844914827,-55.73761867505556
0.0,0.0,3.0,3.0,0.87,0.11,-0.08,0.47,0.08,-0.7,-1.76,13395.0,14.093262038501717,6.906589474491277,-55.90373785735878
0.0,0.0,3.0,3.0,0.87,0.11,-0.08,0.47,-0.03,-0.39,-0.85,13452.0,14.093262038501717,6.906589474491277,-55.90373785735878
0.0,0.0,3.0,3.0,0.87,0.1,-0.08,0.47,-0.25,-0.14,0.0,13507.0,13.565714266786825,5.867506069381357,-56.060006994765686
0.0,0.0,3.0,3.0,0.87,0.11,-0.08,0.47,0.08,-0.01,-0.63,13563.0,14.093262038501717,6.906589474491277,-55.90373785735878
0.0,0.0,3.0,3.0,0.87,0.1,-0.08,0.47,-0.09,-0.14,-0.16,13622.0,13.565714266786825,5.867506069381357,-56.060006994765686
0.0,0.0,3.0,3.0,0.87,0.1,-0.08,0.47,-0.09,0.81,0.19,13678.0,13.565714266786825,5.867506069381357,-56.060006994765686
0.0,0.0,3.0,3.0,0.88,0.1,-0.09,0.47,-0.11,0.65,0.09,13735.0,14.422046358730732,5.343473917950964,-55.5359748433353
0.0,0.0,3.0,3.0,0.88,0.09,-0.09,0.47,-0.27,-0.18,-0.45,13794.0,13.900544729340803,4.310538103881169,-55.68682497517586
0.0,0.0,3.0,3.0,0.87,0.09,-0.1,0.47,0.01,0.2,-1.01,13850.0,15.050163113499163,3.732043182445405,-56.26531989661162
0.0,0.0,3.0,3.0,0.87,0.09,-0.11,0.47,-0.07,-0.71,-0.74,13906.0,16.05459055455642,3.179830119864234,-56.30993247402021
0.0,0.0,3.0,3.0,0.87,0.08,-0.12,0.46,0.17,0.34,-1.2,13962.0,16.586009874404414,1.7406465784661542,-55.48027275346428
0.0,0.0,3.0,3.0,0.87,0.08,-0.12,0.46,-0.18,-0.39,0.1,14018.0,16.586009874404414,1.7406465784661542,-55.48027275346428
0.0,0.0,3.0,3.0,0.87,0.08,-0.13,0.46,0.05,0.18,-2.09,14075.0,17.594517767628968,1.18793520780136,-55.55015737875581
0.0,0.0,3.0,3.0,0.87,0.07,-0.14,0.46,-0.02,-0.1,-1.28,14135.0,18.069547999977907,-0.4248549849025391,-55.80156276720938
0.0,0.0,3.0,3.0,0.87,0.06,-0.15,0.46,0.25,1.47,-1.82,14192.0,18.536985469689835,-2.0419387511386033,-56.06726944701569
0.0,0.0,3.0,3.0,0.87,0.05,-0.16,0.47,-0.83,-2.1,-4.17,14248.0,18.87420198725906,-3.8192803017380315,-57.39353376128095
0.0,0.0,3.0,3.0,0.86,0.04,-0.16,0.48,-1.24,-0.91,-3.29,14304.0,18.329457657751778,-5.139629793343793,-59.164960489220874
0.0,0.0,3.0,3.0,0.86,0.05,-0.16,0.49,-1.14,-1.75,-4.1,14360.0,18.76520886760496,-4.25502411033471,-60.04956617222998
0.0,0.0,3.0,3.0,0.85,0.03,-0.15,0.5,-1.01,-0.48,-1.39,14416.0,16.628995762871227,-5.954950089971265,-61.80212952024803
0.0,0.0,3.0,3.0,0.85,0.02,-0.16,0.5,-0.16,-0.56,-0.2,14475.0,17.004011462352455,-7.582747639599476,-62.06623067431413
0.0,0.0,3.0,3.0,0.85,0.03,-0.15,0.51,-0.16,1.02,0.47,14531.0,16.492905565523824,-6.069943015525039,-62.80803560208222
0.0,0.0,3.0,3.0,0.85,-0.02,-0.17,0.5,0.93,1.74,-4.53,14588.0,15.576019125958872,-12.204232985933483,-62.60648027688363
0.0,0.0,3.0,3.0,0.85,-0.03,-0.17,0.5,0.05,0.24,-4.15,14647.0,14.975481072343676,-13.193761413850801,-62.67277915334705
0.0,0.0,3.0,3.0,0.85,-0.03,-0.16,0.5,-0.95,2.22,-2.25,14703.0,14.018917187759625,-12.57369024882863,-62.48319139798663
0.0,0.0,3.0,3.0,0.85,0.02,-0.16,0.5,-0.72,2.45,-11.65,14759.0,17.004011462352455,-7.582747639599476,-62.06623067431413
0.0,0.0,3.0,3.0,0.85,0.03,-0.14,0.5,-1.74,1.11,-3.04,14815.0,15.657675176559687,-5.340909608090607,-61.66596435673783
0.0,0.0,3.0,3.0,0.86,0.04,-0.11,0.5,-1.78,-0.81,-3.22,14871.0,13.205606042760232,-2.417445619339992,-60.62690887417737
0.0,0.0,3.0,3.0,0.86,0.06,-0.11,0.49,-1.79,1.53,-1.53,14928.0,14.42698688594559,-0.2734010221672948,-59.380768286782185
0.0,0.0,3.0,3.0,0.87,0.06,-0.08,0.48,-1.17,2.1,5.78,14988.0,11.38103151766955,1.6176642851037855,-57.61195900758906
0.0,0.0,3.0,3.0,0.87,0.04,-0.02,0.49,-0.94,0.3,6.62,15045.0,4.248022666728544,2.876765070300577,-58.67130713219583
0.0,0.0,3.0,3.0,0.87,0.02,0.03,0.49,-1.16,-1.33,6.87,15101.0,-1.871355848922424,3.68916773468305,-58.838295654071814
0.0,0.0,3.0,3.0,0.87,0.03,0.06,0.48,-0.34,2.01,2.7,15158.0,-4.371613749998634,6.374741960523969,-58.016725908902536
0.0,0.0,3.0,3.0,0.87,0.01,0.1,0.48,-1.87,0.23,2.4,15213.0,-9.487274983877796,6.619329748788089,-58.32305483290889
0.0,0.0,3.0,3.0,0.87,-0.01,0.13,0.48,-1.55,1.16,4.96,15269.0,-13.57926797289629,6.31621075340765,-58.52591877160623
0.0,0.0,3.0,3.0,0.87,-0.01,0.15,0.46,0.04,0.93,3.81,15329.0,-15.820611406218136,7.265874338335371,-56.74489207783163
0.0,0.0,3.0,3.0,0.88,0.0,0.16,0.45,0.22,0.68,1.85,15386.0,-16.313792866548262,8.607619292157436,-55.40314712400956
0.0,0.0,3.0,3.0,0.88,-0.0,0.16,0.44,0.42,-0.88,1.43,15442.0,-16.464059993839914,8.497465177248731,-54.361666052428305
0.0,0.0,3.0,3.0,0.88,-0.0,0.16,0.44,0.56,-0.54,0.97,15500.0,-16.464059993839914,8.497465177248731,-54.361666052428305
0.0,0.0,3.0,3.0,0.88,-0.0,0.16,0.44,0.03,-0.51,1.27,15556.0,-16.464059993839914,8.497465177248731,-54.361666052428305
0.0,0.0,3.0,3.0,0.89,-0.0,0.16,0.43,-0.48,-0.32,1.08,15611.0,-16.502754531702664,8.229565313392127,-52.77010115350274
0.0,0.0,3.0,3.0,0.89,-0.0,0.16,0.43,-0.45,-0.47,2.06,15668.0,-16.502754531702664,8.229565313392127,-52.77010115350274
0.0,0.0,3.0,3.0,0.89,-0.0,0.16,0.42,-0.62,-0.34,3.53,15724.0,-16.6479511549151,8.112236505183072,-51.71505547788669
0.0,0.0,3.0,3.0,0.9,0.01,0.15,0.41,-0.89,0.05,3.8,15781.0,-15.16602303276398,8.394368296968628,-50.103284376125316
0.0,0.0,3.0,3.0,0.91,0.02,0.13,0.39,-1.55,0.13,4.74,15840.0,-12.800316523664478,8.144263652070933,-47.31225119256733
0.0,0.0,3.0,3.0,0.92,0.04,0.11,0.39,-1.41,1.08,3.97,15898.0,-9.737619140668942,9.194172137530993,-46.730292271217756
0.0,0.0,3.0,3.0,0.92,0.04,0.08,0.38,-1.03,1.52,5.57,15953.0,-6.715552906100057,7.78701795463245,-45.34308439952353
0.0,0.0,3.0,3.0,0.92,0.05,0.06,0.39,-0.84,2.02,4.61,16010.0,-4.075622776075176,7.96190928784632,-46.229195699657296
0.0,0.0,3.0,3.0,0.91,0.04,0.04,0.4,-1.04,3.71,4.83,16066.0,-2.358850301920139,6.073802691515119,-47.5819453291139
0.0,0.0,3.0,3.0,0.9,0.02,0.01,0.43,-0.69,4.18,2.85,16122.0,-0.04604845142153953,2.568061477264912,-51.07590092589808
0.0,0.0,3.0,3.0,0.89,0.02,0.0,0.45,-1.22,0.53,-0.95,16181.0,1.0365631076772965,2.05075301432033,-53.62540937994908
0.0,0.0,3.0,3.0,0.89,0.0,0.01,0.45,0.46,1.04,-2.11,16239.0,-1.025353688834044,0.5184996872906733,-53.64860204144666
0.0,0.0,3.0,3.0,0.89,-0.03,0.01,0.46,-0.02,-0.93,-1.33,16294.0,-2.5899417285936415,-2.5240201988527615,-54.60765338864036
0.0,0.0,3.0,3.0,0.89,-0.04,0.0,0.46,0.28,-4.16,-3.21,16353.0,-2.097837326767951,-4.0640809859576885,-54.590277994955905
0.0,0.0,3.0,3.0,0.89,-0.04,0.0,0.45,-1.9,1.24,-0.78,16408.0,-2.0709669382865035,-4.101198318690586,-53.569803376795576
0.0,0.0,3.0,3.0,0.9,-0.05,-0.03,0.42,-1.87,4.38,-1.48,16464.0,0.694651645080911,-6.684133625311054,-50.074352546904834
0.0,0.0,3.0,3.0,0.91,-0.05,-0.08,0.41,-2.49,3.08,-3.98,16521.0,5.973544548638991,-9.012852992218416,-48.97906603601838
0.0,0.0,3.0,3.0,0.91,-0.05,-0.15,0.39,-0.31,1.72,-9.46,16577.0,13.461356785523268,-12.284694379169924,-47.852471264554985
0.0,0.0,3.0,3.0,0.9,-0.07,-0.2,0.38,2.33,3.51,-11.82,16634.0,17.87942689154615,-16.996424834658146,-48.474027709557056
0.0,0.0,3.0,3.0,0.89,-0.08,-0.22,0.39,-1.31,-4.64,-4.81,16693.0,19.2402223452272,-19.445426166991655,-50.65332045710514
0.0,0.0,3.0,3.0,0.89,-0.11,-0.23,0.39,-0.95,-1.32,-4.07,16751.0,18.702239875136197,-23.110443230095306,-51.182930165948264
0.0,0.0,3.0,3.0,0.88,-0.11,-0.24,0.4,-0.03,-1.4,-5.62,16807.0,19.45306468937311,-24.033765337303095,-53.06716525501237
0.0,0.0,3.0,3.0,0.87,-0.1,-0.25,0.42,0.55,-2.1,-8.23,16863.0,20.424691795684133,-24.04149034404134,-55.93228214588705
0.0,0.0,3.0,3.0,0.86,-0.09,-0.26,0.43,-0.94,0.43,-9.38,16919.0,21.69872336867589,-24.027592096081086,-57.80117434396918
0.0,0.0,3.0,3.0,0.85,-0.06,-0.27,0.45,-2.3,7.48,-14.45,16975.0,23.85312066958636,-22.126653195318333,-60.52434776302235
0.0,0.0,3.0,3.0,0.83,-0.05,-0.25,0.49,-4.97,5.57,-14.03,17034.0,21.605219752639876,-20.78824568903032,-65.12093733319524
0.0,0.0,3.0,3.0,0.83,-0.05,-0.23,0.51,-5.09,5.04,-9.84,17092.0,19.22937985291337,-19.56604190765647,-66.4840900705796
0.0,0.0,3.0,3.0,0.83,-0.02,-0.18,0.52,-3.3,3.59,-6.2,17149.0,16.27295869362993,-13.381071205467457,-66.05644753764231
0.0,0.0,3.0,3.0,0.84,-0.01,-0.12,0.52,-3.79,2.25,-0.46,17206.0,11.129887740518438,-8.377723031515323,-64.33667180847561
0.0,0.0,3.0,3.0,0.85,-0.02,-0.06,0.52,-5.09,-2.48,4.77,17262.0,4.672060522162112,-5.567718345025638,-63.14095496505373
0.0,0.0,3.0,3.0,0.86,-0.02,0.03,0.5,0.0,7.3,22.09,17318.0,-4.143663420643162,-0.2550842499593075,-60.337812102517574
0.0,0.0,3.0,3.0,0.85,-0.05,0.06,0.52,0.13,-4.7,9.31,17375.0,-8.86774327341977,-1.3119763806171465,-62.811910985009966
0.0,0.0,3.0,3.0,0.85,-0.04,0.1,0.51,-0.11,1.02,8.01,17433.0,-12.241328687293061,2.0054180534316015,-62.1425836971565
0.0,0.0,3.0,3.0,0.84,-0.06,0.15,0.52,-4.83,-1.09,3.71,17488.0,-18.284834504249044,3.3257965258194466,-64.05433852614013
0.0,0.0,3.0,3.0,0.84,-0.09,0.2,0.49,-2.16,-0.39,11.77,17546.0,-25.26759363443703,2.857311362370449,-61.15345505379655
0.0,0.0,3.0,3.0,0.85,-0.07,0.21,0.47,-0.68,3.05,3.51,17605.0,-25.21637603336421,5.009544813996879,-59.00122160217012
0.0,0.0,3.0,3.0,0.86,-0.06,0.21,0.46,-0.39,-0.35,4.13,17661.0,-24.63641251989073,5.688616675202482,-57.52638781729533
0.0,0.0,3.0,3.0,0.86,-0.05,0.21,0.46,-1.54,-0.85,8.28,17717.0,-24.08539841283247,6.758340848706023,-57.72659482954063
0.0,0.0,3.0,3.0,0.86,-0.03,0.2,0.46,-1.32,0.15,12.03,17773.0,-21.997059974903912,8.275444553275436,-57.89426130419452
0.0,0.0,3.0,3.0,0.87,-0.0,0.18,0.46,-2.59,-0.31,15.37,17829.0,-18.235193545166005,10.03207052721709,-57.348064524742476
0.0,0.0,3.0,3.0,0.87,0.03,0.13,0.47,-4.92,0.16,17.28,17887.0,-11.471182744460657,10.296442863734901,-57.795431849468414
0.0,0.0,3.0,3.0,0.87,0.04,0.07,0.48,-3.34,4.75,12.94,17945.0,-4.813941117141238,7.940273549605732,-58.10746156198756
0.0,0.0,3.0,3.0,0.86,0.04,0.02,0.52,-0.96,9.75,4.53,18003.0,0.4076413960500654,5.079607860014569,-62.300527191945
0.0,0.0,3.0,3.0,0.83,-0.02,-0.03,0.56,-1.92,1.85,-5.91,18059.0,1.5641555852745037,-3.817113430994817,-68.06711031176987
0.0,0.0,3.0,3.0,0.81,-0.09,-0.03,0.58,-2.71,1.7,-6.69,18115.0,-3.193969996122592,-10.40529604504254,-70.91817037210106
0.0,0.0,3.0,3.0,0.82,-0.13,-0.02,0.56,-2.54,4.81,-5.4,18171.0,-6.455354901483782,-13.669646923055536,-67.8858926646591
0.0,0.0,3.0,3.0,0.85,-0.13,-0.03,0.51,0.72,3.21,-12.49,18228.0,-4.678664078243431,-14.616038901764396,-61.327168620336415
0.0,0.0,3.0,3.0,0.87,-0.14,-0.05,0.47,1.16,2.98,-6.78,18286.0,-2.556495525344792,-16.912959664959306,-56.37833866428133
0.0,0.0,3.0,3.0,0.89,-0.13,-0.11,0.43,-0.3,-0.45,-12.53,18344.0,4.789717388175075,-18.977163987868366,-52.37565245585561
0.0,0.0,3.0,3.0,0.9,-0.16,-0.15,0.37,-1.6,-3.94,-5.32,18400.0,8.763821741283895,-23.937642584326007,-46.55750753236644
0.0,0.0,3.0,3.0,0.92,-0.17,-0.18,0.3,3.43,10.26,-11.83,18458.0,13.28108059653407,-25.681008664559997,-39.161120860453885
0.0,0.0,3.0,3.0,0.92,-0.19,-0.19,0.29,1.25,0.7,-5.27,18514.0,13.813092380284452,-28.178404862978912,-38.47417451125151
0.0,0.0,3.0,3.0,0.91,-0.17,-0.19,0.32,1.76,1.7,-7.5,18571.0,13.772736074756683,-26.4722967584322,-42.00262879528286
0.0,0.0,3.0,3.0,0.91,-0.16,-0.18,0.35,0.14,2.26,-8.87,18626.0,12.342886164741147,-25.051321389099233,-44.82729902025483
0.0,0.0,3.0,3.0,0.89,-0.13,-0.16,0.41,-0.93,3.06,-14.38,18682.0,10.236993388028983,-21.559879505592146,-51.422713861867244
0.0,0.0,3.0,3.0,0.88,-0.13,-0.15,0.44,-2.2,8.5,-14.26,18740.0,8.540072627808065,-21.233233750251365,-54.7337627603028
0.0,0.0,3.0,3.0,0.87,-0.12,-0.13,0.47,-3.96,8.94,-14.17,18798.0,6.452378523800678,-19.275214629774542,-57.855307068152
0.0,0.0,3.0,3.0,0.85,-0.16,-0.11,0.5,-1.57,7.2,1.33,18856.0,1.5315484937719406,-22.22706357015423,-61.23196058347867
0.0,0.0,3.0,3.0,0.83,-0.13,-0.08,0.53,-1.4,0.76,3.83,18913.0,-0.28847055471342375,-17.61938614374113,-65.07616829564621
0.0,0.0,3.0,2.0,0.83,-0.1,-0.03,0.55,-2.51,-3.52,7.29,18969.0,-3.4433633576432774,-11.47278390315397,-66.71493386930504
0.0,0.0,3.0,2.0,0.82,-0.06,-0.02,0.57,-1.51,-4.13,15.43,19025.0,-2.037510958345552,-6.956700360472616,-69.48416374922746
0.0,0.0,3.0,2.0,0.82,-0.01,-0.03,0.57,2.31,-5.03,3.3,19082.0,2.169987295190189,-2.9074350887084135,-69.66309916156929
0.0,0.0,3.0,2.0,0.84,-0.03,0.01,0.55,1.55,-0.21,13.03,19140.0,-2.8287477066847253,-2.2403962414554797,-66.37517944797648
0.0,0.0,3.0,2.0,0.85,-0.04,0.05,0.53,-1.44,2.95,2.14,19198.0,-7.264592322607059,-0.8599741352280488,-63.83491286365603
0.0,0.0,3.0,2.0,0.84,-0.05,0.13,0.52,-3.05,1.18,7.66,19255.0,-15.762450559087544,3.063712601771097,-63.943161363057364
0.0,0.0,3.0,3.0,0.84,-0.06,0.17,0.51,-2.21,1.85,8.56,19312.0,-20.329919599981363,4.448469789380186,-63.325449138723215
0.0,0.0,3.0,3.0,0.84,-0.06,0.2,0.51,-1.44,-0.45,7.49,19367.0,-23.174953482318877,6.385880519117838,-63.838141849726554
0.0,0.0,3.0,3.0,0.83,-0.05,0.2,0.52,-2.59,-2.87,4.37,19424.0,-22.538865597888286,7.7640504789744655,-65.68416386687514
0.0,0.0,3.0,3.0,0.83,-0.04,0.2,0.52,-2.04,-0.76,5.2,19480.0,-21.91706186019054,8.771495070986134,-65.8364014849807
0.0,0.0,3.0,3.0,0.84,-0.03,0.19,0.51,-2.44,0.32,10.1,19538.0,-20.41748628241103,8.777684464302748,-64.11119904887148
0.0,0.0,3.0,3.0,0.85,0.0,0.16,0.51,-2.89,1.05,7.57,19594.0,-15.651636570661987,9.677718860632696,-63.26074991947106
0.0,0.0,3.0,3.0,0.85,0.02,0.12,0.52,-2.72,0.58,7.5,19652.0,-10.474630393878316,9.221824695271621,-63.76076867218778
0.0,0.0,3.0,3.0,0.85,0.02,0.08,0.52,-1.05,2.71,5.05,19710.0,-6.6171548886673675,6.777925253015089,-63.30593355006297
0.0,0.0,3.0,3.0,0.85,0.01,0.04,0.53,-0.06,4.19,4.53,19767.0,-3.2738713039375504,3.393619349741351,-63.98651570221822
0.0,0.0,3.0,3.0,0.84,0.02,-0.01,0.54,0.63,4.08,-0.74,19823.0,2.2057747844267395,1.310440433169945,-65.44522363969094
0.0,0.0,3.0,3.0,0.83,0.01,-0.03,0.56,0.77,-0.4,-5.34,19878.0,3.485001049145029,-0.9724760033609536,-68.04456997197585
0.0,0.0,3.0,3.0,0.82,-0.03,-0.03,0.57,0.19,0.08,-0.61,19935.0,0.8602432018196225,-4.788885477762132,-69.64399546930707
0.0,0.0,3.0,3.0,0.81,-0.06,-0.05,0.58,0.65,-2.68,-5.38,19992.0,0.654101817225328,-8.941603037867855,-71.2602120545566
0.0,0.0,3.0,3.0,0.82,-0.09,-0.03,0.57,-1.98,-1.21,-2.08,20051.0,-3.0418686292503536,-10.423161735950899,-69.33050718979278
0.0,0.0,3.0,3.0,0.83,-0.1,-0.03,0.54,-2.17,5.29,-4.06,20109.0,-3.3654757607607833,-11.56425576033829,-65.7553607478419
0.0,0.0,3.0,3.0,0.84,-0.11,-0.05,0.52,-6.02,-1.83,0.49,20165.0,-1.758596013754554,-13.836949722117652,-63.30555478022265
0.0,0.0,3.0,3.0,0.86,-0.08,-0.11,0.48,-2.7,6.12,-17.5,20221.0,6.529089196861899,-14.337633581370651,-59.15730832435719
0.0,0.0,3.0,3.0,0.88,-0.08,-0.14,0.44,10.34,20.12,-19.04,20277.0,10.198697942745717,-15.655781958849936,-54.535851615202326
0.0,0.0,3.0,3.0,0.86,-0.07,-0.14,0.48,-3.42,-12.5,-2.48,20334.0,10.053058532227848,-15.08217833585409,-59.66943665524225
0.0,0.0,3.0,3.0,0.86,-0.07,-0.15,0.48,1.44,0.09,-7.38,20392.0,11.02850709636267,-15.668847632449186,-59.85730831561481
0.0,0.0,3.0,3.0,0.85,-0.06,-0.13,0.51,-0.66,0.08,-4.14,20450.0,9.166625046307725,-13.70367067239798,-63.031300097325115
0.0,0.0,3.0,3.0,0.83,-0.04,-0.13,0.55,-1.67,0.18,-8.0,20506.0,9.794555064026492,-12.146629189315087,-68.10557796627538
0.0,0.0,3.0,3.0,0.8,-0.01,-0.13,0.58,-1.97,1.49,-13.78,20564.0,11.402777017284144,-9.862782541307606,-72.87131597971599
0.0,0.0,3.0,3.0,0.78,-0.0,-0.13,0.61,-4.37,4.05,-12.83,20620.0,11.73167754187491,-9.34657721309676,-77.01681685799956
0.0,0.0,3.0,3.0,0.78,-0.03,-0.1,0.62,-1.6,1.46,-9.54,20676.0,6.797581848059989,-9.867776978782821,-77.5478892487173
0.0,0.0,3.0,3.0,0.79,-0.03,-0.06,0.61,-2.81,1.8,-0.18,20732.0,3.334163211046135,-6.933656469812037,-75.54923215924396
0.0,0.0,3.0,3.0,0.8,-0.02,-0.01,0.6,-0.88,2.5,2.58,20788.0,-0.4581420495746818,-2.520647990862646,-73.72971595172886
0.0,0.0,3.0,3.0,0.81,-0.03,0.01,0.59,-3.01,-3.12,4.95,20845.0,-2.9424613867235054,-2.1008170984828802,-72.08485749560019
0.0,0.0,3.0,3.0,0.82,-0.01,0.06,0.57,-0.8,3.41,8.81,20904.0,-6.297463594137035,2.99583823972438,-69.77286539194739
0.0,0.0,3.0,3.0,0.81,-0.05,0.09,0.58,-2.52,-1.91,6.48,20963.0,-11.722403615354724,1.3651772214368039,-71.3492176185541
0.0,0.0,3.0,3.0,0.81,-0.07,0.16,0.55,-2.98,0.37,5.13,21018.0,-19.87108407780087,3.8587344026726993,-69.03014911050153
0.0,0.0,3.0,3.0,0.8,-0.11,0.25,0.53,-4.76,4.66,12.07,21074.0,-31.26085445312869,6.003367198818637,-68.72997162671875
0.0,0.0,3.0,3.0,0.8,-0.08,0.29,0.51,-4.3,-0.79,10.9,21131.0,-33.420355810949566,11.709493319148455,-68.56147780533047
0.0,0.0,3.0,3.0,0.8,-0.08,0.29,0.52,-2.74,-4.71,10.44,21187.0,-33.14145728116211,11.954853164875574,-69.61678978965632
0.0,0.0,3.0,3.0,0.82,-0.05,0.28,0.5,0.3,4.15,-0.94,21245.0,-30.499122508385838,13.240519915187207,-66.37062226934319
0.0,0.0,3.0,3.0,0.81,-0.04,0.27,0.51,-3.32,-0.61,8.51,21304.0,-28.861173120685592,14.047454695395393,-68.02323585889238
0.0,0.0,3.0,3.0,0.82,-0.01,0.24,0.52,-3.95,0.83,7.75,21360.0,-23.81583186650944,14.760449302092345,-67.89055165624832
0.0,0.0,3.0,3.0,0.82,0.0,0.18,0.54,-4.65,-1.43,5.63,21417.0,-17.23350137567424,11.78695333164074,-68.52504591819789
0.0,0.0,3.0,3.0,0.83,0.03,0.14,0.54,-2.7,3.73,6.4,21474.0,-11.525275507642814,11.825477464009088,-67.29385847397991
0.0,0.0,3.0,3.0,0.83,0.06,0.08,0.54,-0.51,4.63,4.72,21529.0,-3.9365774794816133,10.849392810243755,-66.47022369793643
0.0,0.0,3.0,3.0,0.83,0.08,0.01,0.55,2.25,3.35,2.9,21585.0,4.1030336285542095,8.306757200733442,-66.76286108702371
0.0,0.0,3.0,3.0,0.82,0.08,-0.04,0.57,0.58,1.32,-1.62,21643.0,8.97325120914315,4.945247984129874,-69.21974594621345
0.0,0.0,3.0,3.0,0.8,0.08,-0.07,0.59,0.94,-2.06,-7.88,21699.0,11.918722107703905,2.66109513543586,-72.53971554478991
0.0,0.0,3.0,3.0,0.79,0.02,-0.06,0.61,-2.61,-2.64,-5.21,21757.0,6.844559104836954,-2.400835783062619,-75.49078042870774
0.0,0.0,3.0,3.0,0.8,-0.04,-0.02,0.6,-3.14,0.4,1.26,21816.0,-0.9149415515082922,-5.039100046861416,-73.69953443786805
0.0,0.0,3.0,3.0,0.82,0.01,-0.02,0.57,-2.94,-0.14,-7.02,21872.0,2.5388879706575334,-0.3678651186097121,-69.61617527850763
0.0,0.0,3.0,3.0,0.84,0.01,-0.07,0.53,-6.86,-0.73,-2.59,21927.0,7.4290885154421495,-3.346954727743193,-64.71730090693345
0.0,0.0,3.0,3.0,0.87,0.04,-0.13,0.48,-2.96,4.03,-16.99,21984.0,15.252551003259127,-3.2610560756429687,-58.20991932819723
0.0,0.0,3.0,3.0,0.88,0.01,-0.18,0.43,-4.46,-14.22,-19.2,22040.0,19.152907870080902,-8.420695532015642,-53.50681753213141
0.0,0.0,3.0,3.0,0.87,0.01,-0.16,0.46,-3.75,-6.37,2.75,22098.0,16.81472458426456,-7.838917584466914,-56.89435854498307
0.0,0.0,3.0,3.0,0.88,-0.01,-0.15,0.44,-0.94,-0.5,-1.84,22157.0,14.928985553020127,-8.99192084670676,-54.310624926718496
0.0,0.0,3.0,3.0,0.88,-0.01,-0.15,0.45,-0.31,-1.06,-0.11,22214.0,14.781144033080812,-9.08512524394817,-55.34796687320311
0.0,0.0,3.0,3.0,0.88,-0.0,-0.15,0.45,0.1,-0.06,-0.93,22270.0,15.316956443790861,-8.051083018794852,-55.2514627546304
0.0,0.0,3.0,3.0,0.88,0.0,-0.15,0.45,-0.35,-0.44,-1.19,22327.0,15.316956443790861,-8.051083018794852,-55.2514627546304
0.0,0.0,3.0,3.0,0.88,0.01,-0.14,0.45,0.02,1.02,0.2,22382.0,14.848930040740802,-6.461046567480642,-55.009928836359556
0.0,0.0,3.0,3.0,0.88,0.02,-0.14,0.46,-0.42,-1.36,-0.87,22439.0,15.261251841680052,-5.534364056445034,-55.9366113473952
0.0,0.0,3.0,3.0,0.87,0.03,-0.16,0.46,0.93,3.16,-1.92,22498.0,17.910902651854776,-5.7587661409780715,-56.6422630669832
0.0,0.0,3.0,3.0,0.86,0.05,-0.17,0.47,0.32,-0.03,-1.34,22554.0,20.009234405627744,-4.541566138032717,-58.11581959757562
0.0,0.0,3.0,3.0,0.85,0.07,-0.19,0.48,0.01,-1.51,-3.22,22611.0,23.1160538582456,-3.97709879265196,-59.72100384545863
0.0,0.0,3.0,3.0,0.85,0.07,-0.18,0.48,0.22,-1.12,-0.29,22670.0,22.141394656489652,-3.3627923249039795,-59.56549493682754
0.0,0.0,3.0,3.0,0.87,0.06,-0.17,0.46,-0.19,2.15,2.27,22726.0,20.52703743748409,-3.179830119864235,-56.30993247402022
0.0,0.0,3.0,3.0,0.87,0.06,-0.16,0.46,-0.41,-0.98,2.33,22782.0,19.534174704262874,-2.608926125171806,-56.18317958471471
0.0,0.0,3.0,3.0,0.88,0.06,-0.14,0.46,-0.14,0.02,1.41,22838.0,17.38857905940318,-1.3803540734444528,-55.40568476932155
0.0,0.0,3.0,3.0,0.88,0.05,-0.13,0.46,-0.11,0.49,0.33,22894.0,15.86216336179713,-1.8724415808623636,-55.455472639700716
0.0,0.0,3.0,3.0,0.88,0.05,-0.12,0.46,0.0,0.56,-0.44,22951.0,14.859893537663178,-1.3241120318996322,-55.367275214253716
0.0,0.0,3.0,3.0,0.88,0.05,-0.11,0.46,-0.14,0.0,-0.18,23010.0,13.854454526941172,-0.7785235165207454,-55.28918026640688
0.0,0.0,3.0,3.0,0.88,0.05,-0.11,0.46,-0.17,-0.44,-0.28,23068.0,13.854454526941172,-0.7785235165207454,-55.28918026640688
0.0,0.0,3.0,3.0,0.88,0.05,-0.11,0.46,-0.19,-0.56,-0.58,23123.0,13.854454526941172,-0.7785235165207454,-55.28918026640688
0.0,0.0,3.0,3.0,0.88,0.06,-0.12,0.46,-0.07,-0.14,-1.15,23180.0,15.387076128910612,-0.2841089747828938,-55.232972227337164
0.0,0.0,3.0,3.0,0.88,0.06,-0.12,0.47,-0.11,0.06,-1.21,23236.0,15.31274694487853,-0.4221039079382886,-56.26928333821507
0.0,0.0,3.0,3.0,0.87,0.06,-0.11,0.47,-0.12,-0.15,-1.03,23292.0,14.443266688142046,0.05955281039409986,-56.75094005654745
0.0,0.0,3.0,3.0,0.88,0.05,-0.11,0.47,-0.26,-0.28,0.15,23351.0,13.78277017505742,-0.8996456507121242,-56.32127368121831
0.0,0.0,3.0,3.0,0.88,0.05,-0.1,0.47,-0.09,0.65,-0.9,23408.0,12.783875821445207,-0.3497867381161962,-56.25172479389655
0.0,0.0,3.0,3.0,0.88,0.04,-0.1,0.47,-0.1,0.55,-0.82,23464.0,12.247571974639992,-1.3743225179749472,-56.35999642105428
0.0,0.0,3.0,3.0,0.87,0.04,-0.1,0.48,-0.15,-0.23,0.09,23523.0,12.276750172214575,-1.549902234480065,-57.93986035940437
0.0,0.0,3.0,3.0,0.87,0.03,-0.09,0.48,0.0,0.25,-0.93,23578.0,10.724602537232078,-2.0021649803691886,-57.96111375732948
0.0,0.0,3.0,3.0,0.87,0.03,-0.09,0.49,-0.13,-0.42,-0.28,23634.0,10.65475747666024,-2.086777275570763,-58.97263452429746
0.0,0.0,3.0,3.0,0.86,0.03,-0.08,0.49,-0.13,-0.97,-0.42,23691.0,9.741285074597759,-1.5787106924673104,-59.48070110740091
0.0,0.0,3.0,3.0,0.86,0.02,-0.08,0.5,-0.15,-0.43,0.02,23746.0,9.100658168752847,-2.656507038782101,-60.55849745371572
0.0,0.0,3.0,3.0,0.86,0.02,-0.07,0.5,-0.18,-0.17,0.64,23803.0,8.112644240856923,-2.0713614239115525,-60.49394593936781
0.0,0.0,3.0,3.0,0.86,0.02,-0.07,0.5,-0.21,-0.36,-0.16,23863.0,8.112644240856923,-2.0713614239115525,-60.49394593936781
0.0,0.0,3.0,3.0,0.87,0.02,-0.07,0.5,-0.21,0.5,-0.27,23921.0,8.053105757424595,-2.01276132460672,-59.91475173954033
0.0,0.0,3.0,3.0,0.87,0.02,-0.07,0.5,-0.36,-0.31,-0.17,23976.0,8.053105757424595,-2.01276132460672,-59.91475173954033
0.0,0.0,3.0,3.0,0.87,0.02,-0.06,0.5,-0.34,-0.19,-0.05,24033.0,7.068659664320786,-1.4393756993247424,-59.86196021478099
0.0,0.0,3.0,3.0,0.87,0.02,-0.06,0.49,-0.35,-0.09,0.3,24089.0,7.115857993253804,-1.3845227066731607,-58.86411329004924
0.0,0.0,3.0,3.0,0.87,0.02,-0.06,0.49,-0.24,0.07,-0.1,24144.0,7.115857993253804,-1.3845227066731607,-58.86411329004924
0.0,0.0,3.0,3.0,0.87,0.02,-0.06,0.49,-0.13,-0.11,-0.53,24204.0,7.115857993253804,-1.3845227066731607,-58.86411329004924
0.0,0.0,3.0,3.0,0.87,0.02,-0.06,0.49,-0.11,-0.23,-0.48,24262.0,7.115857993253804,-1.3845227066731607,-58.86411329004924
0.0,0.0,3.0,3.0,0.87,0.02,-0.06,0.49,0.0,0.1,-0.36,24317.0,7.115857993253804,-1.3845227066731607,-58.86411329004924
0.0,0.0,3.0,3.0,0.87,0.02,-0.06,0.48,0.0,-0.11,-0.19,24375.0,7.162551289005571,-1.3282922108340494,-57.856300507881905
0.0,0.0,3.0,3.0,0.87,0.02,-0.06,0.48,0.12,-0.03,-0.22,24431.0,7.162551289005571,-1.3282922108340494,-57.856300507881905
0.0,0.0,3.0,3.0,0.88,0.01,-0.06,0.48,0.1,0.14,-0.49,24487.0,6.559160018354773,-2.2880958167514676,-57.35204931419606
0.0,0.0,3.0,3.0,0.88,0.01,-0.05,0.48,0.04,0.34,-0.29,24543.0,5.559711538306835,-1.7374354223723567,-57.30528824679094
0.0,0.0,3.0,3.0,0.88,0.01,-0.05,0.47,-0.14,0.38,0.28,24599.0,5.601270622291442,-1.6963873027855896,-56.2955317254512
0.0,0.0,3.0,3.0,0.88,0.01,-0.05,0.48,-0.09,0.01,-0.23,24656.0,5.559711538306835,-1.7374354223723567,-57.30528824679094
0.0,0.0,3.0,3.0,0.88,0.01,-0.05,0.48,-0.11,-0.01,-0.58,24715.0,5.559711538306835,-1.7374354223723567,-57.30528824679094
0.0,0.0,3.0,3.0,0.88,0.01,-0.05,0.48,-0.17,-0.1,-0.21,24773.0,5.559711538306835,-1.7374354223723567,-57.30528824679094
0.0,0.0,3.0,3.0,0.88,0.01,-0.05,0.48,-0.17,0.05,-0.3,24828.0,5.559711538306835,-1.7374354223723567,-57.30528824679094
0.0,0.0,3.0,3.0,0.88,0.01,-0.05,0.48,-0.16,0.26,-0.14,24886.0,5.559711538306835,-1.7374354223723567,-57.30528824679094
0.0,0.0,3.0,3.0,0.88,0.01,-0.05,0.48,-0.18,-0.15,-0.22,24942.0,5.559711538306835,-1.7374354223723567,-57.30528824679094
0.0,0.0,3.0,3.0,0.88,0.01,-0.05,0.48,-0.05,-0.01,-0.94,24997.0,5.559711538306835,-1.7374354223723567,-57.30528824679094
0.0,0.0,3.0,3.0,0.88,0.01,-0.05,0.48,0.03,-0.15,-1.31,25056.0,5.559711538306835,-1.7374354223723567,-57.30528824679094
0.0,0.0,3.0,3.0,0.87,0.01,-0.05,0.48,0.27,0.66,-2.69,25114.0,5.600156301126172,-1.7799195875388019,-57.860225543408724
0.0,0.0,3.0,3.0,0.87,0.01,-0.06,0.5,0.45,0.11,-5.86,25170.0,6.4998192383178655,-2.431553736031803,-59.91114431940789
0.0,0.0,3.0,3.0,0.85,0.03,-0.07,0.52,0.04,-1.49,-11.56,25228.0,8.649847871409255,-1.2651656179614792,-63.0093323441221
0.0,0.0,3.0,3.0,0.84,0.03,-0.07,0.53,-0.02,-1.29,-14.68,25284.0,8.659340579192012,-1.390202854967391,-64.60520734746521
0.0,0.0,3.0,3.0,0.83,0.01,-0.04,0.55,-0.49,1.99,-12.91,25340.0,4.470038523449591,-1.5858375762698518,-67.12283573380951
0.0,0.0,3.0,3.0,0.82,-0.0,0.01,0.57,-1.79,0.55,-3.62,25397.0,-0.9421427014916789,0.6549773707899936,-69.61340874304128
0.0,0.0,3.0,3.0,0.82,0.02,0.07,0.57,-3.51,1.12,2.41,25453.0,-5.264948426028624,6.475816305288789,-69.90608333548444
0.0,0.0,3.0,3.0,0.82,0.02,0.05,0.57,-4.31,0.85,2.2,25509.0,-3.393215077844485,5.160139350088058,-69.76097037089333
0.0,0.0,3.0,3.0,0.83,0.02,0.04,0.56,-3.84,2.73,8.08,25568.0,-2.510523813648439,4.457820548465736,-68.11271370181197
0.0,0.0,3.0,3.0,0.83,-0.01,0.08,0.56,-1.23,1.13,9.84,25626.0,-8.205014618403657,4.191894054631242,-68.31578142025836
0.0,0.0,3.0,3.0,0.83,-0.03,0.11,0.55,-1.6,1.58,7.16,25682.0,-12.395317961323284,4.162184216169078,-67.51312169238753
0.0,0.0,3.0,3.0,0.83,-0.01,0.14,0.54,-2.03,0.34,2.57,25739.0,-14.072611706364144,7.974757191100181,-67.08212445571509
